Date/Time,Year,Month,Day,Data Quality,Max Temp (°C),Max Temp Flag,Min Temp (°C),Min Temp Flag,Mean Temp (°C),Mean Temp Flag,Heat Deg Days (°C),Heat Deg Days Flag,Cool Deg Days (°C),Cool Deg Days Flag,Total Rain (mm),Total Rain Flag,Total Snow (cm),Total Snow Flag,Total Precip (mm),Total Precip Flag,Snow on Grnd (cm),Snow on Grnd Flag,Dir of Max Gust (10s deg),Dir of Max Gust Flag,Spd of Max Gust (km/h),Spd of Max Gust Flag
1/1/2011,2011,1,1,†,-5.7,,-13.4,,-9.6,,27.6,,0,,,M,,M,0,,,,,,<31,
1/2/2011,2011,1,2,†,-4.1,,-13.5,,-8.8,,26.8,,0,,,M,,M,0,,,,,,<31,
1/3/2011,2011,1,3,†,-2,,-12.5,,-7.3,,25.3,,0,,,M,,M,0,,,,,,<31,
1/4/2011,2011,1,4,†,-0.6,,-8,,-4.3,,22.3,,0,,,M,,M,0,,,,,,<31,
1/5/2011,2011,1,5,†,,M,-4.4,E,,M,,M,,M,,M,,M,,M,56,,,,<31,
1/6/2011,2011,1,6,†,0.7,,0.1,,0.4,,17.6,,0,,0,,,M,20.2,,74,,,,<31,
1/7/2011,2011,1,7,†,3.7,,-0.9,,1.4,,16.6,,0,,,M,,M,11.9,,78,,,,<31,
1/8/2011,2011,1,8,†,2.9,,-5.2,,-1.2,,19.2,,0,,,M,,M,0,,73,,,,<31,
1/9/2011,2011,1,9,†,-3.5,,-11,,-7.3,,25.3,,0,,,M,,M,0,,72,,,,<31,
1/10/2011,2011,1,10,†,-8.4,,-14.1,,-11.3,,29.3,,0,,,M,,M,0,,69,,,,<31,
1/11/2011,2011,1,11,†,-7.4,,-10.9,,-9.2,,27.2,,0,,,M,,M,0,,70,,,,<31,
1/12/2011,2011,1,12,†,1.2,,-8.6,,-3.7,,21.7,,0,,,M,,M,12.9,,,,,,<31,
1/13/2011,2011,1,13,†,3.6,,-3.9,,-0.2,,18.2,,0,,,M,,M,14.5,,,,,,<31,
1/14/2011,2011,1,14,†,4.7,,0.7,,2.7,,15.3,,0,,,M,,M,16,,,,,,<31,
1/15/2011,2011,1,15,†,4.7,,1.4,,3.1,,14.9,,0,,,M,,M,12.5,,73,,,,<31,
1/16/2011,2011,1,16,†,5.7,,0.7,,3.2,,14.8,,0,,,M,,M,21.9,,66,,,,<31,
1/17/2011,2011,1,17,†,5.4,,-0.3,,2.6,,15.4,,0,,,M,,M,0.6,,55,,,,<31,
1/18/2011,2011,1,18,†,1.7,,-5,,-1.7,,19.7,,0,,,M,,M,0,,53,,,,<31,
1/19/2011,2011,1,19,†,0.9,,-8.4,,-3.8,,21.8,,0,,,M,,M,0,,53,,,,<31,
1/20/2011,2011,1,20,†,0.2,,-1.9,,-0.9,,18.9,,0,,,M,,M,1.1,,53,,,,<31,
1/21/2011,2011,1,21,†,2.8,,-1.2,,0.8,,17.2,,0,,,M,,M,10.2,,,,,,<31,
1/22/2011,2011,1,22,†,3.7,,-1.7,,1,,17,,0,,,M,,M,0,,62,,,,<31,
1/23/2011,2011,1,23,†,3.7,,0.3,,2,,16,,0,,,M,,M,0,,64,,,,<31,
1/24/2011,2011,1,24,†,2.2,,0.1,,1.2,,16.8,,0,,,M,,M,8.2,,61,,,,<31,
1/25/2011,2011,1,25,†,4.3,,0.9,,2.6,,15.4,,0,,,M,,M,0,,60,,,,<31,
1/26/2011,2011,1,26,†,7.2,,-0.9,,3.2,,14.8,,0,,,M,,M,3.1,,55,,,,<31,
1/27/2011,2011,1,27,†,5.4,,-1.8,,1.8,,16.2,,0,,,M,,M,0,,51,,,,<31,
1/28/2011,2011,1,28,†,1.4,,-2.9,,-0.8,,18.8,,0,,,M,,M,5,,52,,,,<31,
1/29/2011,2011,1,29,†,0.3,,-6,,-2.9,,20.9,,0,,,M,,M,2.6,,52,,,,<31,
1/30/2011,2011,1,30,†,-3.5,,-9.8,,-6.7,,24.7,,0,,,M,,M,0,,,,,,<31,
1/31/2011,2011,1,31,†,-5.2,,-10.8,,-8,,26,,0,,,M,,M,0,,,,,,<31,
2/1/2011,2011,2,1,†,-3.4,,-11,,-7.2,,25.2,,0,,,M,,M,0,,54,,,,<31,
2/2/2011,2011,2,2,†,0,,-10.2,,-5.1,,23.1,,0,,,M,,M,0,,54,,,,<31,
2/3/2011,2011,2,3,†,2.7,,-1.4,,0.7,,17.3,,0,,,M,,M,15.1,,54,,,,<31,
2/4/2011,2011,2,4,†,6,,0,,3,,15,,0,,,M,,M,13.4,,50,,,,<31,
2/5/2011,2011,2,5,†,4,,-0.8,,1.6,,16.4,,0,,,M,,M,0,,47,,,,<31,
2/6/2011,2011,2,6,†,2.3,,0,,1.2,,16.8,,0,,0,,,M,7.9,,47,,,,<31,
2/7/2011,2011,2,7,†,5,,-1.2,,1.9,,16.1,,0,,,M,,M,0,,47,,,,<31,
2/8/2011,2011,2,8,†,0.9,,-4.3,,-1.7,,19.7,,0,,,M,,M,0,,47,,,,<31,
2/9/2011,2011,2,9,†,1.1,,-8.8,,-3.9,,21.9,,0,,,M,,M,0,,47,,,,<31,
2/10/2011,2011,2,10,†,2,,-7.2,,-2.6,,20.6,,0,,,M,,M,0,,47,,,,<31,
2/11/2011,2011,2,11,†,0.6,,-3.3,,-1.4,,19.4,,0,,0,,,M,8.2,,47,,,,<31,
2/12/2011,2011,2,12,†,2.6,,0,,1.3,,16.7,,0,,0,,,M,18.4,,,,,,<31,
2/13/2011,2011,2,13,†,3.4,,-1.2,,1.1,,16.9,,0,,,M,,M,0.9,,58,,18,,32,
2/14/2011,2011,2,14,†,2.7,,-1,,0.9,,17.1,,0,,,M,,M,18.3,,54,,13,,52,
2/15/2011,2011,2,15,†,3.6,,-0.6,,1.5,,16.5,,0,,,M,,M,8.5,,61,,,,<31,
2/16/2011,2011,2,16,†,1.4,,-1.8,,-0.2,,18.2,,0,,,M,,M,7.2,,,,,,<31,
2/17/2011,2011,2,17,†,1.4,,-3.4,,-1,,19,,0,,,M,,M,0,,,,,,<31,
2/18/2011,2011,2,18,†,-2.1,,-8.6,,-5.4,,23.4,,0,,,M,,M,6.4,,,,,,<31,
2/19/2011,2011,2,19,†,-2.7,,-11.3,,-7,,25,,0,,,M,,M,0,,,,,,<31,
2/20/2011,2011,2,20,†,-0.4,,-14.5,,-7.5,,25.5,,0,,,M,,M,0,,79,,,,<31,
2/21/2011,2011,2,21,†,-1.6,,-11.8,,-6.7,,24.7,,0,,,M,,M,0.5,,78,,,,<31,
2/22/2011,2011,2,22,†,2,,-6.9,,-2.5,,20.5,,0,,,M,,M,0,,76,,,,<31,
2/23/2011,2011,2,23,†,-4.1,,-10,,-7.1,,25.1,,0,,,M,,M,0,,77,,1,,43,
2/24/2011,2011,2,24,†,-8.4,,-12.7,,-10.6,,28.6,,0,,,M,,M,0,,76,,3,,41,
2/25/2011,2011,2,25,†,-5.4,,-18.1,,-11.8,,29.8,,0,,,M,,M,0,,75,,,,<31,
2/26/2011,2011,2,26,†,-2.9,,-14.8,,-8.9,,26.9,,0,,,M,,M,0,,75,,,,<31,
2/27/2011,2011,2,27,†,-0.7,,-6.4,,-3.6,,21.6,,0,,,M,,M,5.9,,75,,,,<31,
2/28/2011,2011,2,28,†,0.5,,-7.9,,-3.7,,21.7,,0,,,M,,M,2,,86,,,,<31,
3/1/2011,2011,3,1,†,-2.4,,-10,,-6.2,,24.2,,0,,,M,,M,0.6,,,,,,<31,
3/2/2011,2011,3,2,†,4.5,,-7.7,,-1.6,,19.6,,0,,0,,,M,5.5,,,,16,,50,
3/3/2011,2011,3,3,†,2.6,,-2.4,,0.1,,17.9,,0,,,M,,M,1.4,,87,,,,<31,
3/4/2011,2011,3,4,†,0.6,,-7.1,,-3.3,,21.3,,0,,,M,,M,2,,86,,,,<31,
3/5/2011,2011,3,5,†,3.3,,-2.9,,0.2,,17.8,,0,,,M,,M,1.4,,94,,,,<31,
3/6/2011,2011,3,6,†,5,,-5.3,,-0.2,,18.2,,0,,,M,,M,0,,89,,,,<31,
3/7/2011,2011,3,7,†,4.6,,-8.1,,-1.8,,19.8,,0,,,M,,M,0,,88,,,,<31,
3/8/2011,2011,3,8,†,3.5,,-2.7,,0.4,,17.6,,0,,,M,,M,0,,87,,,,<31,
3/9/2011,2011,3,9,†,4.3,,-0.5,,1.9,,16.1,,0,,0,,,M,12.6,,80,,,,<31,
3/10/2011,2011,3,10,†,5.1,,0,,2.6,,15.4,,0,,,M,,M,12.1,,,,,,<31,
3/11/2011,2011,3,11,†,3.2,,-0.1,,1.6,,16.4,,0,,,M,,M,1.2,,86,,,,<31,
3/12/2011,2011,3,12,†,3.3,,0.1,,1.7,,16.3,,0,,,M,,M,4.3,,85,,,,<31,
3/13/2011,2011,3,13,†,2.7,,-1,,0.9,,17.1,,0,,0,,,M,15.2,,82,,,,<31,
3/14/2011,2011,3,14,†,4.4,,0.8,,2.6,,15.4,,0,,,M,,M,2.5,,87,,,,<31,
3/15/2011,2011,3,15,†,3.7,,0.1,,1.9,,16.1,,0,,0,,,M,14,,81,,,,<31,
3/16/2011,2011,3,16,†,3.9,,0.3,,2.1,,15.9,,0,,,M,,M,0.6,,83,,,,<31,
3/17/2011,2011,3,17,†,5.9,,-2.6,,1.7,,16.3,,0,,,M,,M,0,,79,,,,<31,
3/18/2011,2011,3,18,†,5.7,,-2.8,,1.5,,16.5,,0,,,M,,M,0,,79,,,,<31,
3/19/2011,2011,3,19,†,3.9,,-2,,1,,17,,0,,,M,,M,2.6,,77,,,,<31,
3/20/2011,2011,3,20,†,7.5,,-4.5,,1.5,,16.5,,0,,,M,,M,0,,77,,,,<31,
3/21/2011,2011,3,21,†,4.4,,0.3,,2.4,,15.6,,0,,0,,,M,1.3,,72,,,,<31,
3/22/2011,2011,3,22,†,4.8,,-1.4,,1.7,,16.3,,0,,,M,,M,0,,74,,,,<31,
3/23/2011,2011,3,23,†,8.4,,-5.3,,1.6,,16.4,,0,,,M,,M,0,,70,,,,<31,
3/24/2011,2011,3,24,†,9.7,,-2.5,,3.6,,14.4,,0,,,M,,M,0,,68,,,,<31,
3/25/2011,2011,3,25,†,10.2,,-1.6,,4.3,,13.7,,0,,,M,,M,0,,60,,19,,32,
3/26/2011,2011,3,26,†,9.6,,-2.8,,3.4,,14.6,,0,,,M,,M,0,,58,,,,<31,
3/27/2011,2011,3,27,†,9.4,,-1,,4.2,,13.8,,0,,,M,,M,0,,55,,,,<31,
3/28/2011,2011,3,28,†,6.9,,0.5,,3.7,,14.3,,0,,,M,,M,1.3,,49,,,,<31,
3/29/2011,2011,3,29,†,5,,0.5,,2.8,,15.2,,0,,,M,,M,1,,46,,,,<31,
3/30/2011,2011,3,30,†,7.9,,0.4,,4.2,,13.8,,0,,,M,,M,7.3,,40,,15,,32,
3/31/2011,2011,3,31,†,11.2,,2.3,,6.8,,11.2,,0,,,M,,M,10.9,,27,,,,<31,
4/1/2011,2011,4,1,†,5.8,,1,,3.4,,14.6,,0,,,M,,M,0.6,,19,,,,<31,
4/2/2011,2011,4,2,†,10,,-0.8,,4.6,,13.4,,0,,,M,,M,1.5,,13,,,,<31,
4/3/2011,2011,4,3,†,5.7,,-3.8,,1,,17,,0,,,M,,M,0,,,,,,<31,
4/4/2011,2011,4,4,†,3.3,,-0.2,,1.6,,16.4,,0,,,M,,M,3.8,,,,,,<31,
4/5/2011,2011,4,5,†,3.6,,0.1,,1.9,,16.1,,0,,,M,,M,1.5,,,,16,,32,
4/6/2011,2011,4,6,†,5.6,,-2,,1.8,,16.2,,0,,,M,,M,2.1,,,,,,<31,
4/7/2011,2011,4,7,†,10.1,,-4.7,,2.7,,15.3,,0,,,M,,M,0,,,,,,<31,
4/8/2011,2011,4,8,†,10.7,,-5.3,,2.7,,15.3,,0,,,M,,M,0,,,,,,<31,
4/9/2011,2011,4,9,†,7.6,,0.1,,3.9,,14.1,,0,,,M,,M,0,,,,,,<31,
4/10/2011,2011,4,10,†,3.8,,1.9,,2.9,,15.1,,0,,,M,,M,7.8,,,,,,<31,
4/11/2011,2011,4,11,†,5.7,,0.6,,3.2,,14.8,,0,,,M,,M,0.3,,,,,,<31,
4/12/2011,2011,4,12,†,7.8,,-1.4,,3.2,,14.8,,0,,,M,,M,0,,,,,,<31,
4/13/2011,2011,4,13,†,7.8,,0.2,,4,,14,,0,,,M,,M,1.7,,,,,,<31,
4/14/2011,2011,4,14,†,4.2,,-1.4,,1.4,,16.6,,0,,,M,,M,6.3,,1,,,,<31,
4/15/2011,2011,4,15,†,8.3,,-2.6,,2.9,,15.1,,0,,,M,,M,0,,,,,,<31,
4/16/2011,2011,4,16,†,6.7,,-1.6,,2.6,,15.4,,0,,,M,,M,0,,,,,,<31,
4/17/2011,2011,4,17,†,7.4,,-3.8,,1.8,,16.2,,0,,,M,,M,0,,,,,,<31,
4/18/2011,2011,4,18,†,9,,-4.4,,2.3,,15.7,,0,,,M,,M,0,,,,,,<31,
4/19/2011,2011,4,19,†,7.1,,-2.7,,2.2,,15.8,,0,,,M,,M,0.6,,,,,,<31,
4/20/2011,2011,4,20,†,6.4,E,-3.7,E,1.4,E,16.6,E,0,E,,M,,M,0,E,,,,M,,M
4/21/2011,2011,4,21,,,,,,,,,,,,,,,,,,,,,,,
4/22/2011,2011,4,22,,,,,,,,,,,,,,,,,,,,,,,
4/23/2011,2011,4,23,,,,,,,,,,,,,,,,,,,,,,,
4/24/2011,2011,4,24,,,,,,,,,,,,,,,,,,,,,,,
4/25/2011,2011,4,25,,,,,,,,,,,,,,,,,,,,,,,
4/26/2011,2011,4,26,,,,,,,,,,,,,,,,,,,,,,,
4/27/2011,2011,4,27,,,,,,,,,,,,,,,,,,,,,,,
4/28/2011,2011,4,28,†,,M,,M,,M,,M,,M,,M,,M,,M,,,,,<31,
4/29/2011,2011,4,29,†,11.3,,-1.6,,4.9,,13.1,,0,,,M,,M,0,,,,,,<31,
4/30/2011,2011,4,30,†,11.9,,0.5,,6.2,,11.8,,0,,,M,,M,0,,,,,,<31,
5/1/2011,2011,5,1,†,14.5,,-2.2,,6.2,,11.8,,0,,,M,,M,0,,,,,,<31,
5/2/2011,2011,5,2,†,9.1,,2.9,,6,,12,,0,,,M,,M,0.3,,,,,,<31,
5/3/2011,2011,5,3,†,11.2,,2.7,,7,,11,,0,,,M,,M,0,,,,,,<31,
5/4/2011,2011,5,4,†,13.9,,-0.4,,6.8,,11.2,,0,,,M,,M,0,,,,,,<31,
5/5/2011,2011,5,5,†,12.1,,4.4,,8.3,,9.7,,0,,,M,,M,0,,,,,,<31,
5/6/2011,2011,5,6,†,9.2,,4.2,,6.7,,11.3,,0,,,M,,M,0,,,,17,,35,
5/7/2011,2011,5,7,†,8,,2.7,,5.4,,12.6,,0,,,M,,M,0.7,,,,,,<31,
5/8/2011,2011,5,8,†,13.7,,2.2,,8,,10,,0,,,M,,M,0,,,,,,<31,
5/9/2011,2011,5,9,†,13,,3.7,,8.4,,9.6,,0,,,M,,M,0,,,,,,<31,
5/10/2011,2011,5,10,†,10.4,,5.4,,7.9,,10.1,,0,,,M,,M,1.1,,,,,,<31,
5/11/2011,2011,5,11,†,6.3,,2.3,,4.3,,13.7,,0,,,M,,M,10,,,,,,<31,
5/12/2011,2011,5,12,†,9.4,,0.9,,5.2,,12.8,,0,,,M,,M,1.6,,,,,,<31,
5/13/2011,2011,5,13,†,17.5,,0.5,,9,,9,,0,,,M,,M,0,,,,,,<31,
5/14/2011,2011,5,14,†,11.9,,5.7,,8.8,,9.2,,0,,,M,,M,0.3,,,,,,<31,
5/15/2011,2011,5,15,†,11.3,,6.1,,8.7,,9.3,,0,,,M,,M,3.7,,,,,,<31,
5/16/2011,2011,5,16,†,7.6,,5,,6.3,,11.7,,0,,,M,,M,6.7,,,,,,<31,
5/17/2011,2011,5,17,†,12.6,,2.5,,7.6,,10.4,,0,,,M,,M,0,,,,,,<31,
5/18/2011,2011,5,18,†,16.5,,-1.3,,7.6,,10.4,,0,,,M,,M,0,,,,,,<31,
5/19/2011,2011,5,19,†,20.3,,-1,,9.7,,8.3,,0,,,M,,M,0,,,,,,<31,
5/20/2011,2011,5,20,†,23.7,,1.2,,12.5,,5.5,,0,,,M,,M,0,,,,,,<31,
5/21/2011,2011,5,21,†,11.2,,6.7,,9,,9,,0,,,M,,M,0,,,,,,<31,
5/22/2011,2011,5,22,†,12.5,,6.5,,9.5,,8.5,,0,,,M,,M,0.3,,,,,,<31,
5/23/2011,2011,5,23,†,14.9,,6,,10.5,,7.5,,0,,,M,,M,0,,,,,,<31,
5/24/2011,2011,5,24,†,14.6,,5.3,,10,,8,,0,,,M,,M,0,,,,,,<31,
5/25/2011,2011,5,25,†,17.5,,2.4,,10,,8,,0,,,M,,M,0,,,,,,<31,
5/26/2011,2011,5,26,†,10.1,,5,,7.6,,10.4,,0,,,M,,M,4.1,,,,18,,32,
5/27/2011,2011,5,27,†,12.3,,3.7,,8,,10,,0,,,M,,M,0,,,,,,<31,
5/28/2011,2011,5,28,†,14.8,,3.3,,9.1,,8.9,,0,,,M,,M,0,,,,,,<31,
5/29/2011,2011,5,29,†,20.1,,4.8,,12.5,,5.5,,0,,,M,,M,1.5,,,,,,<31,
5/30/2011,2011,5,30,†,16,,6.9,,11.5,,6.5,,0,,,M,,M,0,,,,,,<31,
5/31/2011,2011,5,31,†,19.5,,3.1,,11.3,,6.7,,0,,,M,,M,0,,,,,,<31,
6/1/2011,2011,6,1,†,15,,7.1,,11.1,,6.9,,0,,,M,,M,1.8,,,,,,<31,
6/2/2011,2011,6,2,†,9.3,,6.9,,8.1,,9.9,,0,,,M,,M,9.8,,,,,,<31,
6/3/2011,2011,6,3,†,17.6,,6.1,,11.9,,6.1,,0,,,M,,M,2.6,,,,,,<31,
6/4/2011,2011,6,4,†,23,,2.7,,12.9,,5.1,,0,,,M,,M,0,,,,,,<31,
6/5/2011,2011,6,5,†,24,,3.8,,13.9,,4.1,,0,,,M,,M,0,,,,,,<31,
6/6/2011,2011,6,6,†,25.2,,6.3,,15.8,,2.2,,0,,,M,,M,0,,,,,,<31,
6/7/2011,2011,6,7,†,17.5,,9.9,,13.7,,4.3,,0,,,M,,M,0,,,,,,<31,
6/8/2011,2011,6,8,†,22,,7.2,,14.6,,3.4,,0,,,M,,M,0,,,,,,<31,
6/9/2011,2011,6,9,†,16.2,,9.4,,12.8,,5.2,,0,,,M,,M,0,,,,,,<31,
6/10/2011,2011,6,10,†,13.9,,7.6,,10.8,,7.2,,0,,,M,,M,0.8,,,,,,<31,
6/11/2011,2011,6,11,†,17.9,,8.2,,13.1,,4.9,,0,,,M,,M,0.9,,,,,,<31,
6/12/2011,2011,6,12,†,16.9,,8,,12.5,,5.5,,0,,,M,,M,0,,,,,,<31,
6/13/2011,2011,6,13,†,15.1,,8.7,,11.9,,6.1,,0,,,M,,M,0.9,,,,,,<31,
6/14/2011,2011,6,14,†,12.7,,8,,10.4,,7.6,,0,,,M,,M,0.3,,,,,,<31,
6/15/2011,2011,6,15,†,17,,6.4,,11.7,,6.3,,0,,,M,,M,0.4,,,,,,<31,
6/16/2011,2011,6,16,†,18.7,,5.3,,12,,6,,0,,,M,,M,0,,,,,,<31,
6/17/2011,2011,6,17,†,15.3,,9.1,,12.2,,5.8,,0,,,M,,M,0,,,,,,<31,
6/18/2011,2011,6,18,†,14.2,,8.7,,11.5,,6.5,,0,,,M,,M,5.4,,,,,,<31,
6/19/2011,2011,6,19,†,14.6,,9,,11.8,,6.2,,0,,,M,,M,0,,,,,,<31,
6/20/2011,2011,6,20,†,16.5,,9.3,,12.9,,5.1,,0,,,M,,M,0,,,,,,<31,
6/21/2011,2011,6,21,†,21.7,,9.3,,15.5,,2.5,,0,,,M,,M,0,,,,,,<31,
6/22/2011,2011,6,22,†,22.4,,5.3,,13.9,,4.1,,0,,,M,,M,0,,,,,,<31,
6/23/2011,2011,6,23,†,14.4,,8,,11.2,,6.8,,0,,,M,,M,0.4,,,,,,<31,
6/24/2011,2011,6,24,†,15.2,,7.6,,11.4,,6.6,,0,,,M,,M,0,,,,,,<31,
6/25/2011,2011,6,25,†,16.6,,7.7,,12.2,,5.8,,0,,,M,,M,0,,,,,,<31,
6/26/2011,2011,6,26,†,22,,7.1,,14.6,,3.4,,0,,,M,,M,0,,,,,,<31,
6/27/2011,2011,6,27,†,20.8,,9.8,,15.3,,2.7,,0,,,M,,M,0,,,,,,<31,
6/28/2011,2011,6,28,†,18,,11.2,,14.6,,3.4,,0,,,M,,M,0,,,,,,<31,
6/29/2011,2011,6,29,†,14.5,,10.2,,12.4,,5.6,,0,,,M,,M,1.9,,,,18,,32,
6/30/2011,2011,6,30,†,11.3,,7.7,,9.5,,8.5,,0,,,M,,M,0,,,,19,,33,
7/1/2011,2011,7,1,†,14.8,,7.8,,11.3,,6.7,,0,,,M,,M,0,,,,,,<31,
7/2/2011,2011,7,2,†,23.1,,5.7,,14.4,,3.6,,0,,,M,,M,1,,,,,,<31,
7/3/2011,2011,7,3,†,16.7,,7.3,,12,,6,,0,,,M,,M,7.6,,,,,,<31,
7/4/2011,2011,7,4,†,22,,3,,12.5,,5.5,,0,,,M,,M,0,,,,,,<31,
7/5/2011,2011,7,5,†,25.2,,5.6,,15.4,,2.6,,0,,,M,,M,0,,,,,,<31,
7/6/2011,2011,7,6,†,25.7,,7.6,,16.7,,1.3,,0,,,M,,M,0,,,,,,<31,
7/7/2011,2011,7,7,†,19.1,,10.4,,14.8,,3.2,,0,,,M,,M,6.4,,,,,,<31,
7/8/2011,2011,7,8,†,16,,7.6,,11.8,,6.2,,0,,,M,,M,1.7,,,,,,<31,
7/9/2011,2011,7,9,†,19.9,,3.5,,11.7,,6.3,,0,,,M,,M,0,,,,,,<31,
7/10/2011,2011,7,10,†,22.5,,6.5,,14.5,,3.5,,0,,,M,,M,0,,,,,,<31,
7/11/2011,2011,7,11,†,20.9,,7.8,,14.4,,3.6,,0,,,M,,M,0,,,,,,<31,
7/12/2011,2011,7,12,†,20.7,,8,,14.4,,3.6,,0,,,M,,M,0,,,,,,<31,
7/13/2011,2011,7,13,†,14.3,,10.5,,12.4,,5.6,,0,,,M,,M,5.5,,,,,,<31,
7/14/2011,2011,7,14,†,15.3,,9.6,,12.5,,5.5,,0,,,M,,M,3.8,,,,,,<31,
7/15/2011,2011,7,15,†,15.8,,10.5,,13.2,,4.8,,0,,,M,,M,0,,,,,,<31,
7/16/2011,2011,7,16,†,15.1,,10.5,,12.8,,5.2,,0,,,M,,M,1.4,,,,,,<31,
7/17/2011,2011,7,17,†,19.3,,9.5,,14.4,,3.6,,0,,,M,,M,0.5,,,,,,<31,
7/18/2011,2011,7,18,†,18.7,,11.2,,15,,3,,0,,,M,,M,0,,,,,,<31,
7/19/2011,2011,7,19,†,19.5,,9.6,,14.6,,3.4,,0,,,M,,M,0,,,,,,<31,
7/20/2011,2011,7,20,†,18.7,,11.3,,15,,3,,0,,,M,,M,0.4,,,,,,<31,
7/21/2011,2011,7,21,†,15.8,,10,,12.9,,5.1,,0,,,M,,M,0.3,,,,,,<31,
7/22/2011,2011,7,22,†,15.9,,7.9,,11.9,,6.1,,0,,,M,,M,0,,,,,,<31,
7/23/2011,2011,7,23,†,22.6,,8.4,,15.5,,2.5,,0,,,M,,M,0,,,,,,<31,
7/24/2011,2011,7,24,†,29,,7.4,,18.2,,0,,0.2,,,M,,M,0,,,,,,<31,
7/25/2011,2011,7,25,†,24.2,,10.6,,17.4,,0.6,,0,,,M,,M,0,,,,17,,32,
7/26/2011,2011,7,26,†,16.8,,12,,14.4,,3.6,,0,,,M,,M,0,,,,,,<31,
7/27/2011,2011,7,27,†,19.9,,10.6,,15.3,,2.7,,0,,,M,,M,0,,,,,,<31,
7/28/2011,2011,7,28,†,22.9,,6.3,,14.6,,3.4,,0,,,M,,M,,M,,,,,<31,
7/29/2011,2011,7,29,†,23.1,,10.6,,16.9,,1.1,,0,,,M,,M,0,,,,,,<31,
7/30/2011,2011,7,30,†,23.1,,7.3,,15.2,,2.8,,0,,,M,,M,6.8,,,,,,<31,
7/31/2011,2011,7,31,†,19.1,,10.1,,14.6,,3.4,,0,,,M,,M,4,,,,,,<31,
8/1/2011,2011,8,1,†,24.2,,5.1,,14.7,,3.3,,0,,,M,,M,0,,,,,,<31,
8/2/2011,2011,8,2,†,21.4,,8.4,,14.9,,3.1,,0,,,M,,M,0,,,,,,<31,
8/3/2011,2011,8,3,†,24.9,,9.1,,17,,1,,0,,,M,,M,0,,,,,,<31,
8/4/2011,2011,8,4,†,26.1,,8.4,,17.3,,0.7,,0,,,M,,M,0,,,,,,<31,
8/5/2011,2011,8,5,†,24.7,,9.7,,17.2,,0.8,,0,,,M,,M,0,,,,,,<31,
8/6/2011,2011,8,6,†,23.7,,11.8,,17.8,,0.2,,0,,,M,,M,0,,,,,,<31,
8/7/2011,2011,8,7,†,24.7,,8,,16.4,,1.6,,0,,,M,,M,0,,,,,,<31,
8/8/2011,2011,8,8,†,24.3,,8.2,,16.3,,1.7,,0,,,M,,M,0,,,,,,<31,
8/9/2011,2011,8,9,†,16.8,,11.2,,14,,4,,0,,,M,,M,0,,,,,,<31,
8/10/2011,2011,8,10,†,19.8,,12.6,,16.2,,1.8,,0,,,M,,M,0,,,,,,<31,
8/11/2011,2011,8,11,†,22.2,,12.2,,17.2,,0.8,,0,,,M,,M,0,,,,,,<31,
8/12/2011,2011,8,12,†,24.2,,7.8,,16,,2,,0,,,M,,M,0,,,,,,<31,
8/13/2011,2011,8,13,†,21.7,,7.3,,14.5,,3.5,,0,,,M,,M,0,,,,,,<31,
8/14/2011,2011,8,14,†,18.3,,11.4,,14.9,,3.1,,0,,,M,,M,2.9,,,,,,<31,
8/15/2011,2011,8,15,†,19.4,,8.6,,14,,4,,0,,,M,,M,0,,,,,,<31,
8/16/2011,2011,8,16,†,22.6,,4.6,,13.6,,4.4,,0,,,M,,M,0,,,,,,<31,
8/17/2011,2011,8,17,†,22,,5.9,,14,,4,,0,,,M,,M,0,,,,,,<31,
8/18/2011,2011,8,18,†,22.3,,6.5,,14.4,,3.6,,0,,,M,,M,0,,,,,,<31,
8/19/2011,2011,8,19,†,26.3,,6,,16.2,,1.8,,0,,,M,,M,0,,,,,,<31,
8/20/2011,2011,8,20,†,29.7,,6.9,,18.3,,0,,0.3,,,M,,M,,M,,,,,<31,
8/21/2011,2011,8,21,†,26.7,,10.8,,18.8,,0,,0.8,,,M,,M,0,,,,,,<31,
8/22/2011,2011,8,22,†,18.7,,14,,16.4,,1.6,,0,,,M,,M,16.6,,,,17,,32,
8/23/2011,2011,8,23,†,19.8,,11.4,,15.6,,2.4,,0,,,M,,M,0.8,,,,,,<31,
8/24/2011,2011,8,24,†,24.6,,6.6,,15.6,,2.4,,0,,,M,,M,0,,,,,,<31,
8/25/2011,2011,8,25,†,26.1,,8.3,,17.2,,0.8,,0,,,M,,M,0,,,,,,<31,
8/26/2011,2011,8,26,†,26.9,,8.5,,17.7,,0.3,,0,,,M,,M,0,,,,,,<31,
8/27/2011,2011,8,27,†,26.8,,9.2,,18,,0,,0,,,M,,M,0,,,,,,<31,
8/28/2011,2011,8,28,†,29.7,,8.4,,19.1,,0,,1.1,,,M,,M,0,,,,,,<31,
8/29/2011,2011,8,29,†,21.4,,10.5,,16,,2,,0,,,M,,M,0,,,,,,<31,
8/30/2011,2011,8,30,†,19.8,,11,,15.4,,2.6,,0,,,M,,M,0.9,,,,,,<31,
8/31/2011,2011,8,31,†,19.8,,9.8,,14.8,,3.2,,0,,,M,,M,0,,,,,,<31,
9/1/2011,2011,9,1,†,14,,5.5,,9.8,,8.2,,0,,,M,,M,0,,,,,,<31,
9/2/2011,2011,9,2,†,20.7,,5.1,,12.9,,5.1,,0,,,M,,M,0,,,,,,<31,
9/3/2011,2011,9,3,†,26.5,,4.4,,15.5,,2.5,,0,,,M,,M,0,,,,,,<31,
9/4/2011,2011,9,4,†,26.6,,4.8,,15.7,,2.3,,0,,,M,,M,0,,,,,,<31,
9/5/2011,2011,9,5,†,25.7,,5.7,,15.7,,2.3,,0,,,M,,M,0,,,,,,<31,
9/6/2011,2011,9,6,†,26.3,,6.5,,16.4,,1.6,,0,,,M,,M,0,,,,,,<31,
9/7/2011,2011,9,7,†,31.3,,6.3,,18.8,,0,,0.8,,,M,,M,0,,,,,,<31,
9/8/2011,2011,9,8,†,31.8,,6.8,,19.3,,0,,1.3,,,M,,M,0,,,,,,<31,
9/9/2011,2011,9,9,†,31.1,,6.3,,18.7,,0,,0.7,,,M,,M,0,,,,,,<31,
9/10/2011,2011,9,10,†,32.7,,7.6,,20.2,,0,,2.2,,,M,,M,0,,,,,,<31,
9/11/2011,2011,9,11,†,31.8,,7.4,,19.6,,0,,1.6,,,M,,M,0,,,,,,<31,
9/12/2011,2011,9,12,†,26.8,,7.1,,17,,1,,0,,,M,,M,0,,,,,,<31,
9/13/2011,2011,9,13,†,18,,9.8,,13.9,,4.1,,0,,,M,,M,0,,,,,,<31,
9/14/2011,2011,9,14,†,20,,12.9,,16.5,,1.5,,0,,,M,,M,0,,,,,,<31,
9/15/2011,2011,9,15,†,13.5,,10.6,,12.1,,5.9,,0,,,M,,M,2.5,,,,,,<31,
9/16/2011,2011,9,16,†,12.7,,8.5,,10.6,,7.4,,0,,,M,,M,0,,,,,,<31,
9/17/2011,2011,9,17,†,13.9,,6.5,,10.2,,7.8,,0,,,M,,M,3.2,,,,,,<31,
9/18/2011,2011,9,18,†,14,,7.9,,11,,7,,0,,,M,,M,3.6,,,,18,,33,
9/19/2011,2011,9,19,†,17.5,,6.9,,12.2,,5.8,,0,,,M,,M,0.4,,,,,,<31,
9/20/2011,2011,9,20,†,21.5,,3.1,,12.3,,5.7,,0,,,M,,M,0,,,,,,<31,
9/21/2011,2011,9,21,†,16.3,,8.9,,12.6,,5.4,,0,,,M,,M,14.8,,,,,,<31,
9/22/2011,2011,9,22,†,14.7,,11.1,,12.9,,5.1,,0,,,M,,M,35.1,,,,,,<31,
9/23/2011,2011,9,23,†,20.1,,14.3,,17.2,,0.8,,0,,,M,,M,4.2,,,,16,,32,
9/24/2011,2011,9,24,†,23.5,,9.3,,16.4,,1.6,,0,,,M,,M,0,,,,,,<31,
9/25/2011,2011,9,25,†,19,,6.3,,12.7,,5.3,,0,,,M,,M,13.9,,,,,,<31,
9/26/2011,2011,9,26,†,10.5,,3.7,,7.1,,10.9,,0,,,M,,M,21.6,,,,,,<31,
9/27/2011,2011,9,27,†,11.9,,6.5,,9.2,,8.8,,0,,,M,,M,13.8,,,,20,,32,
9/28/2011,2011,9,28,†,14.9,,4.9,,9.9,,8.1,,0,,,M,,M,0,,,,,,<31,
9/29/2011,2011,9,29,†,17.7,,1.2,,9.5,,8.5,,0,,,M,,M,0,,,,,,<31,
9/30/2011,2011,9,30,†,13.4,E,7.2,E,10.3,E,7.7,E,0,E,,M,,M,,M,,,,,<31,
10/1/2011,2011,10,1,,,,,,,,,,,,,,,,,,,,,,,
10/2/2011,2011,10,2,,,,,,,,,,,,,,,,,,,,,,,
10/3/2011,2011,10,3,†,,M,,M,,M,,M,,M,,M,,M,,M,,,,,<31,
10/4/2011,2011,10,4,†,10.7,,4.4,,7.6,,10.4,,0,,,M,,M,8.8,,,,,,<31,
10/5/2011,2011,10,5,†,9.3,,5.8,,7.6,,10.4,,0,,,M,,M,1.7,,,,,,<31,
10/6/2011,2011,10,6,†,13.8,,3.4,,8.6,,9.4,,0,,,M,,M,0,,,,,,<31,
10/7/2011,2011,10,7,†,11.6,,6.8,,9.2,,8.8,,0,,,M,,M,2.3,,,,,,<31,
10/8/2011,2011,10,8,†,12.1,,4.6,,8.4,,9.6,,0,,,M,,M,0,,,,,,<31,
10/9/2011,2011,10,9,†,13,,4.7,,8.9,,9.1,,0,,,M,,M,0.7,,,,,,<31,
10/10/2011,2011,10,10,†,7.2,,2.6,,4.9,,13.1,,0,,,M,,M,4.8,,,,,,<31,
10/11/2011,2011,10,11,†,10.1,,5.9,,8,,10,,0,,,M,,M,13.9,,,,,,<31,
10/12/2011,2011,10,12,†,9.9,,4.4,,7.2,,10.8,,0,,,M,,M,1.7,,,,,,<31,
10/13/2011,2011,10,13,†,10.6,,2.1,,6.4,,11.6,,0,,,M,,M,0,,,,,,<31,
10/14/2011,2011,10,14,†,11.7,,0.3,,6,,12,,0,,,M,,M,0,,,,,,<31,
10/15/2011,2011,10,15,†,10.6,,-2.6,,4,,14,,0,,,M,,M,0,,,,,,<31,
10/16/2011,2011,10,16,†,11.5,,-3.6,,4,,14,,0,,,M,,M,0,,,,,,<31,
10/17/2011,2011,10,17,†,11.1,,-0.6,,5.3,,12.7,,0,,,M,,M,0,,,,,,<31,
10/18/2011,2011,10,18,†,14.1,,0.3,,7.2,,10.8,,0,,,M,,M,0,,,,,,<31,
10/19/2011,2011,10,19,†,14.5,,2.9,,8.7,,9.3,,0,,,M,,M,1.7,,,,,,<31,
10/20/2011,2011,10,20,†,10.6,,4.2,,7.4,,10.6,,0,,,M,,M,7.8,,,,,,<31,
10/21/2011,2011,10,21,†,8.7,,4,,6.4,,11.6,,0,,,M,,M,5.9,,,,,,<31,
10/22/2011,2011,10,22,†,8.6,,5.6,,7.1,,10.9,,0,,,M,,M,1.8,,,,,,<31,
10/23/2011,2011,10,23,†,9.2,,2.8,,6,,12,,0,,,M,,M,0,,,,,,<31,
10/24/2011,2011,10,24,†,8.8,,1.1,,5,,13,,0,,,M,,M,1.2,,,,,,<31,
10/25/2011,2011,10,25,†,8.8,,-1.5,,3.7,,14.3,,0,,,M,,M,0,,,,,,<31,
10/26/2011,2011,10,26,†,3.3,,-2.3,,0.5,,17.5,,0,,,M,,M,2,,,,,,<31,
10/27/2011,2011,10,27,†,5.6,,-0.6,,2.5,,15.5,,0,,,M,,M,0,,,,,,<31,
10/28/2011,2011,10,28,†,3.2,,-0.4,,1.4,,16.6,,0,,,M,,M,15.4,,,,,,<31,
10/29/2011,2011,10,29,†,6.8,,2.3,,4.6,,13.4,,0,,,M,,M,0,,,,,,<31,
10/30/2011,2011,10,30,†,6.9,,2.4,,4.7,,13.3,,0,,,M,,M,6.1,,,,,,<31,
10/31/2011,2011,10,31,†,8,,-1.7,,3.2,,14.8,,0,,,M,,M,0,,,,,,<31,
11/1/2011,2011,11,1,†,5,,-3.6,,0.7,,17.3,,0,,,M,,M,0,,,,,,<31,
11/2/2011,2011,11,2,†,5.3,,-1.8,,1.8,,16.2,,0,,,M,,M,7.8,,,,,,<31,
11/3/2011,2011,11,3,†,4.7,,-0.6,,2.1,,15.9,,0,,,M,,M,1.7,,,,,,<31,
11/4/2011,2011,11,4,†,3.3,,-4.4,,-0.6,,18.6,,0,,,M,,M,0,,,,,,<31,
11/5/2011,2011,11,5,†,4.4,,-3.5,,0.5,,17.5,,0,,,M,,M,0,,,,,,<31,
11/6/2011,2011,11,6,†,3.9,,-5.6,,-0.9,,18.9,,0,,,M,,M,0,,,,,,<31,
11/7/2011,2011,11,7,†,1.6,,-2.5,,-0.5,,18.5,,0,,,M,,M,0,,,,,,<31,
11/8/2011,2011,11,8,†,2.6,,0,,1.3,,16.7,,0,,,M,,M,1.8,,,,,,<31,
11/9/2011,2011,11,9,†,6.1,,-0.3,,2.9,,15.1,,0,,,M,,M,,M,,,,,<31,
11/10/2011,2011,11,10,†,7.7,,3.8,,5.8,,12.2,,0,,,M,,M,5.3,,,,,,<31,
11/11/2011,2011,11,11,†,5.7,,-0.2,,2.8,,15.2,,0,,,M,,M,20,,,,,,<31,
11/12/2011,2011,11,12,†,0.9,,-0.8,,0.1,,17.9,,0,,,M,,M,0.9,,,,16,,32,
11/13/2011,2011,11,13,†,3.4,,-0.6,,1.4,,16.6,,0,,,M,,M,0,,,,,,<31,
11/14/2011,2011,11,14,†,3.9,,-2.9,,0.5,,17.5,,0,,,M,,M,0,,,,,,<31,
11/15/2011,2011,11,15,†,2.8,,-5.3,,-1.3,,19.3,,0,,,M,,M,0,,,,,,<31,
11/16/2011,2011,11,16,†,-2.3,,-3.8,,-3.1,,21.1,,0,,,M,,M,16.7,,1,,,,<31,
11/17/2011,2011,11,17,†,0.8,,-2.9,,-1.1,,19.1,,0,,,M,,M,0.9,,,,,,<31,
11/18/2011,2011,11,18,†,-0.6,,-8.3,,-4.5,,22.5,,0,,,M,,M,0,,,,,,<31,
11/19/2011,2011,11,19,†,-5.6,,-11.8,,-8.7,,26.7,,0,,,M,,M,0,,,,,,<31,
11/20/2011,2011,11,20,†,-5.9,,-12.9,,-9.4,,27.4,,0,,,M,,M,0,,11,,,,<31,
11/21/2011,2011,11,21,†,-2.2,,-8.3,,-5.3,,23.3,,0,,,M,,M,13.2,,12,,,,<31,
11/22/2011,2011,11,22,†,4.9,,-2.9,,1,,17,,0,,,M,,M,22.2,,,,,,<31,
11/23/2011,2011,11,23,†,1.3,,-0.3,,0.5,,17.5,,0,,,M,,M,15,,,,,,<31,
11/24/2011,2011,11,24,†,1.2,,-2.6,,-0.7,,18.7,,0,,,M,,M,4.6,,,,,,<31,
11/25/2011,2011,11,25,†,1.4,,-3.1,,-0.9,,18.9,,0,,,M,,M,4,,,,,,<31,
11/26/2011,2011,11,26,†,1.1,,-1.8,,-0.4,,18.4,,0,,,M,,M,15.1,,,,,,<31,
11/27/2011,2011,11,27,†,5.6,,-0.8,,2.4,,15.6,,0,,,M,,M,32.3,,,,,,<31,
11/28/2011,2011,11,28,†,2.5,,-0.8,,0.9,,17.1,,0,,,M,,M,0,,,,,,<31,
11/29/2011,2011,11,29,†,0.6,,-0.7,,-0.1,,18.1,,0,,0,,,M,5.5,,,,,,<31,
11/30/2011,2011,11,30,†,2.8,,-4.9,,-1.1,,19.1,,0,,,M,,M,0,,34,,,,<31,
12/1/2011,2011,12,1,†,0.7,,-5.8,,-2.6,,20.6,,0,,,M,,M,0,,30,,17,,32,
12/2/2011,2011,12,2,†,2.1,,-5.6,,-1.8,,19.8,,0,,,M,,M,0,,30,,,,<31,
12/3/2011,2011,12,3,†,0.7,,-7.1,,-3.2,,21.2,,0,,,M,,M,0,,30,,,,<31,
12/4/2011,2011,12,4,†,2.7,,-8.8,,-3.1,,21.1,,0,,,M,,M,0,,29,,,,<31,
12/5/2011,2011,12,5,†,1.5,,-8.7,,-3.6,,21.6,,0,,,M,,M,0,,28,,,,<31,
12/6/2011,2011,12,6,†,1.1,,-9.1,,-4,,22,,0,,,M,,M,0,,29,,,,<31,
12/7/2011,2011,12,7,†,0.5,,-6.1,,-2.8,,20.8,,0,,,M,,M,0,,27,,,,<31,
12/8/2011,2011,12,8,†,-1,,-8.1,,-4.6,,22.6,,0,,,M,,M,0,,28,,,,<31,
12/9/2011,2011,12,9,†,0.2,,-9.5,,-4.7,,22.7,,0,,,M,,M,0,,28,,,,<31,
12/10/2011,2011,12,10,†,0.1,,-8.9,,-4.4,,22.4,,0,,,M,,M,0,,28,,,,<31,
12/11/2011,2011,12,11,†,1.4,,-8.7,,-3.7,,21.7,,0,,,M,,M,0,,28,,,,<31,
12/12/2011,2011,12,12,†,-0.7,,-11.8,,-6.3,,24.3,,0,,,M,,M,0,,28,,,,<31,
12/13/2011,2011,12,13,†,-0.1,,-7.3,,-3.7,,21.7,,0,,,M,,M,0,,29,,,,<31,
12/14/2011,2011,12,14,†,0.1,,-2,,-1,,19,,0,,,M,,M,3.5,,29,,,,<31,
12/15/2011,2011,12,15,†,2.6,,-1.6,,0.5,,17.5,,0,,,M,,M,0.7,,33,,,,<31,
12/16/2011,2011,12,16,†,2.1,,0,,1.1,,16.9,,0,,0,,,M,1.8,,32,,,,<31,
12/17/2011,2011,12,17,†,5.4,,2,,3.7,,14.3,,0,,,M,,M,2.9,,32,,,,<31,
12/18/2011,2011,12,18,†,5.7,,-1.7,,2,,16,,0,,,M,,M,0,,22,,,,<31,
12/19/2011,2011,12,19,†,2,,-1.6,,0.2,,17.8,,0,,,M,,M,0,,24,,,,<31,
12/20/2011,2011,12,20,†,2.9,,-3.2,,-0.2,,18.2,,0,,,M,,M,0,,22,,16,,37,
12/21/2011,2011,12,21,†,,M,-7.3,E,,M,,M,,M,,M,,M,,M,21,,,M,,M
12/22/2011,2011,12,22,,,,,,,,,,,,,,,,,,,,,,,
12/23/2011,2011,12,23,†,,M,,M,,M,,M,,M,,M,,M,,M,,,,,<31,
12/24/2011,2011,12,24,†,1.4,,0.1,,0.8,,17.2,,0,,0,,,M,13.5,,21,,,,<31,
12/25/2011,2011,12,25,†,1.5,,-0.3,,0.6,,17.4,,0,,0,,,M,5.9,,25,,,,<31,
12/26/2011,2011,12,26,†,0.7,,-0.5,,0.1,,17.9,,0,,,M,,M,0.3,,25,,,,<31,
12/27/2011,2011,12,27,†,1.9,,-0.4,,0.8,,17.2,,0,,0,,,M,12.5,,28,,,,<31,
12/28/2011,2011,12,28,†,5.2,,0.1,,2.7,,15.3,,0,,,M,,M,17.6,,37,,,,<31,
12/29/2011,2011,12,29,†,4.1,,-0.7,,1.7,,16.3,,0,,,M,,M,5.6,,27,,,,<31,
12/30/2011,2011,12,30,†,2.1,,-1.7,,0.2,,17.8,,0,,0,,,M,7.5,,34,,,,<31,
12/31/2011,2011,12,31,†,-1.1,,-5.2,,-3.2,,21.2,,0,,,M,,M,0,,33,,,,<31,
